השאילתות המובילות,קליקים,הופעות,שיעור קליקים,מקום
world kosher,2,6,33.33%,7.67
w kosher,1,1,100%,1
certificacao kosher,0,9,0%,8.22
certificação kosher,0,7,0%,6.43
kosher portugal,0,6,0%,10
produtos kosher portugal,0,2,0%,13
certificadora kosher,0,2,0%,62
kosher,0,2,0%,73.5
certificado de kosher,0,1,0%,1
certificado kosher,0,1,0%,1
cerveja kosher,0,1,0%,5
wk kosher,0,1,0%,8
auditoria kosher,0,1,0%,9
azeite kosher,0,1,0%,11
kashrut,0,1,0%,11
marcas kosher,0,1,0%,11
koshw,0,1,0%,12
catering kosher portugal,0,1,0%,13
kosher in portugal,0,1,0%,17
wks kosher,0,1,0%,26
casher nostra,0,1,0%,38
certificados kosher,0,1,0%,51
certified kosher,0,1,0%,95